{
  "author": "AngularUI Team",
  "name": "angular-ui-utils",
  "description": "AngularUI Utilities - Companion Suite for AngularJS",
  "version": "0.0.4",
  "homepage": "http://angular-ui.github.com",
  "main": "./modules/utils.js",
  "dependencies": {
    "angular": ">= 1.0.2"
  },
  "devDependencies": {
    "angular-mocks": "~1.0.5",
    "jquery": ">=1.6",
    "angular-ui-docs": "angular-ui/angular-ui-docs"
  },
  "_release": "0.0.4",
  "_resolution": {
    "type": "version",
    "tag": "v0.0.4",
    "commit": "fa7e14e6cb254b3166ff36060f30ed69b54e7152"
  },
  "_source": "git://github.com/angular-ui/ui-utils.git",
  "_target": "0.0.4",
  "_originalSource": "angular-ui-utils"
}