{
  "author": {
    "name": "https://github.com/angular-ui/bootstrap/graphs/contributors"
  },
  "name": "angular-bootstrap",
  "version": "0.7.0",
  "main": [
    "./ui-bootstrap-tpls.js"
  ],
  "dependencies": {
    "angular": ">=1"
  },
  "homepage": "https://github.com/angular-ui/bootstrap-bower",
  "_release": "0.7.0",
  "_resolution": {
    "type": "version",
    "tag": "0.7.0",
    "commit": "197c848dc137ea52dbc40702bb6eb9fefc8c7748"
  },
  "_source": "git://github.com/angular-ui/bootstrap-bower.git",
  "_target": "0.7.0",
  "_originalSource": "angular-bootstrap"
}